{
    "FeedGas": [
        298.15,
        0.0,
        42.0,
        0.29,
        0.04,
        0.0000172,
        0.000016
    ],
    "ColBed": [
        1000000.0,
        0.3,
        0.0127,
        298.15,
        0.0,
        959.0,
        0.002,
        0.0,
        0.4,
        0.0,
        850.0,
        71.0,
        0.1,
        1000.0,
        500.0,
        0.015,
        10.0,
        298.15
    ],
    "NumPar": [
        30.0,
        1500.0,
        1e-7,
        1e-7
    ],
    "CompNum": 3.0,
    "CompNames": [
        "He",
        "CO2",
        "CH4"
    ],
    "FeedFlowType": 0.0,
    "FeedMF": [
        0.9,
        0.05,
        0.05
    ],
    "FeedMM": [
        0.004,
        0.044,
        0.016
    ],
    "InitMF": [
        1.0,
        0.0,
        0.0
    ],
    "IsothermParams": [
        2.0,
        2.82,
        0.000765,
        3.21,
        0.00000408,
        NaN,
        NaN,
        NaN,
        NaN,
        1.0,
        2.87,
        0.0000208,
        NaN,
        NaN,
        NaN,
        NaN,
        NaN,
        NaN,
        1.0,
        NaN,
        NaN,
        NaN,
        NaN,
        NaN,
        NaN,
        NaN,
        NaN,
        1.0,
        NaN,
        NaN,
        NaN,
        NaN,
        NaN,
        NaN,
        NaN,
        NaN,
        1.0,
        NaN,
        NaN,
        NaN,
        NaN,
        NaN,
        NaN,
        NaN,
        NaN,
        1.0,
        NaN,
        NaN,
        NaN,
        NaN,
        NaN,
        NaN,
        NaN,
        NaN
    ],
    "MTC": [
        0.06,
        0.06
    ],
    "MixtureMode": 1.0,
    "CalcMode": 0.0
}