{
    "FeedGas": [
        318.0,
        0.0,
        29.507,
        0.028,
        0.061,
        0.0000192,
        0.0000043
    ],
    "ColBed": [
        1000000.0,
        1.2,
        0.025,
        298.15,
        0.0,
        502.0,
        0.003,
        0.0,
        0.403,
        0.568,
        1000.0,
        65.5,
        1.0,
        4000000.0,
        1.0,
        0.04,
        5.0,
        298.15
    ],
    "NumPar": [
        100.0,
        400.0,
        1e-8,
        1e-7
    ],
    "CompNum": 4.0,
    "CompNames": [
        "He",
        "CO2",
        "N2",
        "H2"
    ],
    "FeedFlowType": 0.0,
    "FeedMF": [
        9.999999997999999e-11,
        0.149999999985,
        0.79999999992,
        0.049999999995
    ],
    "FeedMM": [
        0.004,
        0.044,
        0.028,
        0.002
    ],
    "InitMF": [
        1.0,
        0.0,
        0.0,
        0.0
    ],
    "IsothermParams": [
        8.0,
        12.449814,
        4.394091e-7,
        1.364101,
        NaN,
        NaN,
        NaN,
        -24.85772,
        318.0,
        8.0,
        5.650217,
        2.765329e-7,
        1.182749,
        NaN,
        NaN,
        NaN,
        -16.36205,
        298.0,
        8.0,
        7.541136,
        2.939714e-8,
        1.085427,
        NaN,
        NaN,
        NaN,
        -9.727426,
        298.0,
        1.0,
        NaN,
        NaN,
        NaN,
        NaN,
        NaN,
        NaN,
        NaN,
        NaN,
        1.0,
        NaN,
        NaN,
        NaN,
        NaN,
        NaN,
        NaN,
        NaN,
        NaN,
        1.0,
        NaN,
        NaN,
        NaN,
        NaN,
        NaN,
        NaN,
        NaN,
        NaN
    ],
    "MTC": [
        0.07,
        0.3,
        1.0
    ],
    "MixtureMode": 1.0,
    "CalcMode": 1.0
}